Marlie,mleborgne0@auda.org.au,70ZA8MK9rRI
Rochester,rvanyarkin1@businesswire.com,m3M9OMv37
Aime,akapelhof2@prnewswire.com,teiGtk9RRC
Sara,sbruckenthal3@indiegogo.com,PktU1KOEjDqZ
Bret,blerego4@squarespace.com,cl0T57HOjCj
Gilemette,ggarret5@blog.com,mk7Sd4iFF
Kean,kshmyr6@cafepress.com,EKwu9D
Elton,ejowers7@cocolog-nifty.com,VHdZ98
Bellanca,blagadu8@biblegateway.com,SlloeRkBfPa
Bobby,bskeemor9@admin.ch,6dWEPO
Normand,nblackleya@sina.com.cn,AkE9FRzcS1XF
Lanni,lbellingerb@wired.com,DJNjhH1YFMG
Auguste,arowatc@census.gov,UkDTbYVCe
Margit,mmcallasterd@engadget.com,vPKMsh6X
Davide,dwyette@prnewswire.com,ZmiyooLa8
Drona,djeanessonf@nature.com,4tifrpUyD2XM
Fredrika,fpunchardg@paypal.com,ZMPUdmi1
Reinaldos,rjobh@smugmug.com,1CgcAT
Yasmin,yshreenani@umn.edu,dD5YYYEhr
Barnebas,bgoochj@oakley.com,OjygGs
